model,class_label,k,candidate_count,image_count,patient_count,inertia_per_candidate,mean_distance_to_center,p90_distance_to_center,median_cluster_candidates,min_cluster_candidates,median_cluster_patients,min_cluster_patients,clusters_under_5_patients,clusters_under_10_patients,mean_max_patient_share,worst_max_patient_share,top1_importance_S_h,top5_mean_probability_drop,ssc_step0_accuracy,ssc_final_accuracy,sdc_step0_accuracy,sdc_final_accuracy,previous_k,adjusted_rand_vs_previous_k,normalized_mutual_info_vs_previous_k
efficientnet_b0,0,10,37007,251,157,70.14342556813575,8.279637068180682,9.946186256408692,3702.0,2882,154.0,138,0,0,0.03924212309972626,0.102706453851492,0.6725676704747269,0.00927238074030258,1.0,0.8764940239043825,0.8804780876494024,0.8087649402390438,,,
efficientnet_b0,0,15,37007,251,157,68.63696057502635,8.189433285716314,9.849703216552735,2437.0,1663,148.0,112,0,0,0.04659727905240263,0.1417950079660117,0.7058585224101743,0.0123421362619162,1.0,0.848605577689243,0.8804780876494024,0.8087649402390438,10.0,0.4810633606339218,0.5953073791607979
efficientnet_b0,0,20,37007,251,157,67.61949766260437,8.126813603854558,9.79492015838623,1820.0,1290,147.5,89,0,0,0.050441366661772416,0.1758021390374331,0.702925624288767,0.010074049589026041,1.0,0.896414342629482,0.8804780876494024,0.8247011952191236,15.0,0.5618278286913703,0.6691243818611236
efficientnet_b0,0,25,37007,251,157,66.81732510065663,8.077705650987758,9.73348789215088,1484.0,1087,142.0,84,0,0,0.05412843534159905,0.2290786136939983,0.6754493435540522,0.00926982338532328,1.0,0.9322709163346612,0.8804780876494024,0.8047808764940239,20.0,0.48903807238563285,0.6360519279011002
efficientnet_b0,0,30,37007,251,157,66.15336963277218,8.038021295147379,9.681713104248047,1219.5,653,133.5,49,0,0,0.07235694324416761,0.4839203675344563,0.6949303894492972,0.02050076029533618,1.0,0.9482071713147412,0.8804780876494024,0.8087649402390438,25.0,0.474471083960296,0.6283080417799489
efficientnet_b0,0,35,37007,251,157,65.60167670981166,8.003192282768,9.651327133178711,1025.0,501,130.0,39,0,0,0.0736968688793432,0.6167664670658682,0.6630526334344153,0.011540953629166899,1.0,0.9322709163346612,0.8804780876494024,0.8645418326693227,30.0,0.5728625584737889,0.7038240593090829
efficientnet_b0,0,40,37007,251,157,65.12742859459021,7.973885546089568,9.61945400238037,908.0,482,121.0,34,0,0,0.07080733778917833,0.6265560165975104,0.7026401869284798,0.0164147983968444,1.0,0.9362549800796812,0.8804780876494024,0.8167330677290837,35.0,0.41617031639934654,0.6172063318944968
efficientnet_b0,0,45,37007,251,157,64.65302510335883,7.944760833372959,9.590245056152344,836.0,272,116.0,25,0,0,0.08717096643282624,0.6785714285714286,0.6021627911266341,0.01187153415286376,1.0,0.9243027888446216,0.8804780876494024,0.8286852589641435,40.0,0.4320221816913522,0.6360733078835202
efficientnet_b0,0,50,37007,251,157,64.32296592536547,7.924516955155672,9.558233261108398,738.0,262,112.0,14,0,0,0.0974914714910314,0.8816793893129771,0.6124597601221496,0.01311256291866666,1.0,0.9322709163346612,0.8804780876494024,0.8645418326693227,45.0,0.46300509864839595,0.6544774743391336
efficientnet_b0,1,10,37745,251,157,81.35879586700226,8.91588742054919,10.730345535278323,3690.5,2839,150.5,140,0,0,0.03168229592657117,0.040097205346294,0.7287611438785179,0.10613689991792105,0.0,0.6175298804780877,0.6972111553784861,0.4860557768924303,,,
efficientnet_b0,1,15,37745,251,157,79.76149821168367,8.82819049695988,10.621597862243652,2395.0,1798,145.0,115,0,0,0.041449436908578115,0.12,0.7297750952471775,0.11783200441222927,0.0,0.7450199203187251,0.6972111553784861,0.4701195219123506,10.0,0.4458079850065169,0.5679380517195471
efficientnet_b0,1,20,37745,251,157,78.64652271824083,8.766127888839566,10.547142219543456,1801.0,1128,132.5,61,0,0,0.06193382188118322,0.3200354609929078,0.7130125482006376,0.12860833699359708,0.0,0.7529880478087649,0.6972111553784861,0.446215139442231,15.0,0.5231117537204772,0.6296335217548068
efficientnet_b0,1,25,37745,251,157,77.76866472380448,8.715787417014745,10.495366096496582,1527.0,858,132.0,43,0,0,0.067937913394484,0.3846153846153846,0.7095305512388389,0.14135940878853873,0.0,0.7290836653386454,0.6972111553784861,0.4183266932270916,20.0,0.5708754484339921,0.690375810060195
efficientnet_b0,1,30,37745,251,157,77.05398065969003,8.67470614292682,10.450754356384277,1226.5,783,128.5,42,0,0,0.06626669580079537,0.3920817369093231,0.7099095132958841,0.13206277543742265,0.0,0.6215139442231076,0.6972111553784861,0.4541832669322709,25.0,0.4325983853817209,0.6196893505925822
efficientnet_b0,1,35,37745,251,157,76.4482580474235,8.64000458532271,10.409561920166015,1094.0,701,120.0,40,0,0,0.07616730278847968,0.4028314028314028,0.7466225369844541,0.10776112880598565,0.0,0.5776892430278885,0.6972111553784861,0.4541832669322709,30.0,0.5377403882164102,0.6880912264057799
efficientnet_b0,1,40,37745,251,157,75.92092330109948,8.609727477559918,10.383447074890137,925.5,656,115.5,38,0,0,0.07637148739463578,0.4061624649859944,0.7097759441698928,0.16339253460713696,0.0,0.6892430278884463,0.6972111553784861,0.3864541832669322,35.0,0.4914148712988809,0.668929041422646
efficientnet_b0,1,45,37745,251,157,75.49382699695325,8.585574651203466,10.35032501220703,809.0,491,110.0,34,0,0,0.08379574647818427,0.3702359346642468,0.608798578915843,0.14028089846969727,0.0,0.5896414342629482,0.6972111553784861,0.3784860557768924,40.0,0.41415834609921665,0.6314088486706374
efficientnet_b0,1,50,37745,251,157,75.08251424029673,8.561944120030384,10.331513786315917,756.0,471,106.0,33,0,0,0.08825128202210669,0.3971774193548387,0.6341207948962293,0.15042252189029495,0.0,0.5617529880478087,0.6972111553784861,0.3745019920318725,45.0,0.3454311664967654,0.5944319882397953
resnet50,0,10,23351,251,157,78.66194702582331,8.779590626088849,10.419498443603516,2308.5,663,155.0,119,0,0,0.029194840838876857,0.0509453781512605,0.688809060495332,-8.283014040979652e-06,1.0,0.9840637450199204,0.8804780876494024,0.9561752988047808,,,
resnet50,0,15,23351,251,157,76.22556849813712,8.64024698007827,10.266406059265137,1534.0,632,146.0,77,0,0,0.03446901447176535,0.0936883629191321,0.7721994842933231,-0.0019681875489805404,1.0,0.9880478087649402,0.8804780876494024,0.9800796812749004,10.0,0.4543445137511799,0.6357717200950299
resnet50,0,20,23351,251,157,74.36713095798895,8.53266293627512,10.15036392211914,1157.5,623,142.5,75,0,0,0.03627181814295607,0.1045296167247386,0.7034492848953047,0.005244488363297021,1.0,0.9641434262948207,0.8804780876494024,0.9482071713147412,15.0,0.5400170997774567,0.7068953797333234
resnet50,0,25,23351,251,157,73.20056956875509,8.465249659147137,10.073676109313965,903.0,489,139.0,53,0,0,0.04596287856096171,0.1983640081799591,0.686720446390341,0.0073777573505012005,1.0,0.9601593625498008,0.8804780876494024,0.9322709163346612,20.0,0.6656098609892241,0.7718875124809003
resnet50,0,30,23351,251,157,72.23769859963171,8.408453344864833,10.00265884399414,752.0,373,131.0,55,0,0,0.04389302331435604,0.1297297297297297,0.9206550602626752,0.025749120948752723,1.0,0.9482071713147412,0.8804780876494024,0.9482071713147412,25.0,0.5814075112950775,0.7318361009840413
resnet50,0,35,23351,251,157,71.3591013232838,8.360435065832705,9.924874305725098,681.0,303,130.0,36,0,0,0.053192179328915436,0.2579787234042553,1.0501573197469412,0.037397931129560684,1.0,0.9163346613545816,0.8804780876494024,0.9561752988047808,30.0,0.5558483611483482,0.7260809889761929
resnet50,0,40,23351,251,157,70.69595520534452,8.320516273687547,9.882845878601074,580.5,297,116.0,41,0,0,0.05459187224156915,0.2714285714285714,0.9651585627362071,0.03704446979803592,1.0,0.9282868525896414,0.8804780876494024,0.9402390438247012,35.0,0.5998522219188024,0.752606358560962
resnet50,0,45,23351,251,157,70.13398248469016,8.284063857911992,9.864717483520508,508.0,167,117.0,42,0,0,0.05312271484619154,0.1899038461538461,0.9916945156823116,0.032252920550674344,1.0,0.9243027888446216,0.8804780876494024,0.9402390438247012,40.0,0.47673795688981635,0.7023819300525825
resnet50,0,50,23351,251,157,69.58054794227228,8.254566477553032,9.80309009552002,451.0,251,109.0,33,0,0,0.06049342095462442,0.3020833333333333,1.0312268237742888,0.03932790446630752,1.0,0.9322709163346612,0.8804780876494024,0.9721115537848606,45.0,0.4601634142415277,0.687313750615768
resnet50,1,10,25066,251,157,85.7992001117051,9.169714118613884,10.884713172912598,2567.5,507,155.0,134,0,0,0.02699563246875588,0.0393386545039908,0.8636082620081673,0.19186516985650712,0.0,0.3426294820717131,0.6653386454183267,0.1713147410358565,,,
resnet50,1,15,25066,251,157,83.456464932578,9.044416062422687,10.732917785644531,1728.0,489,149.0,94,0,0,0.03412621789877897,0.0781796966161026,0.8749120199674392,0.21074287400084732,0.0,0.3545816733067729,0.6653386454183267,0.1513944223107569,10.0,0.553158805852685,0.6748046368065607
resnet50,1,20,25066,251,157,81.84846505226203,8.956904276479015,10.617762088775635,1274.0,459,138.0,87,0,0,0.039502652174737245,0.1121951219512195,0.8602500652886956,0.2399137343930406,0.0,0.4103585657370518,0.6653386454183267,0.1394422310756972,15.0,0.4446009876283579,0.6491631054838409
resnet50,1,25,25066,251,157,80.58735438442511,8.886203410704784,10.535372734069824,1028.0,477,134.0,81,0,0,0.04184613301714888,0.1060869565217391,0.7981088843671568,0.22414164913960466,0.0,0.350597609561753,0.6653386454183267,0.1593625498007968,20.0,0.596254699256595,0.7275915445217656
resnet50,1,30,25066,251,157,79.50620860927152,8.82751617005139,10.456552505493164,818.5,453,126.0,79,0,0,0.047045926509322634,0.1186770428015564,0.8179665242295816,0.22472812894180402,0.0,0.3545816733067729,0.6653386454183267,0.1713147410358565,25.0,0.5972685739309276,0.7397742616073434
resnet50,1,35,25066,251,157,78.722442751137,8.781326547696644,10.432472705841064,734.0,318,124.0,8,0,1,0.055182631125004926,0.4591194968553459,0.8330630369157905,0.2473318098070807,0.0,0.3107569721115538,0.6653386454183267,0.1553784860557769,30.0,0.642100563944056,0.7700279592137366
resnet50,1,40,25066,251,157,78.01621219979255,8.74248309815709,10.384462833404541,626.5,257,121.5,12,0,0,0.05633192227755103,0.4346504559270516,0.8676308810681224,0.2673891089558512,0.0,0.5856573705179283,0.6653386454183267,0.0796812749003984,35.0,0.6604492483545429,0.7914248493065537
resnet50,1,45,25066,251,157,77.40735458389851,8.709673477895127,10.320947170257568,547.0,251,118.0,10,0,0,0.06609778341559527,0.5297805642633229,0.8644750342811959,0.26344128860327154,0.0,0.5976095617529881,0.6653386454183267,0.0717131474103585,40.0,0.49909409329377963,0.7076889882709775
resnet50,1,50,25066,251,157,76.88292906726242,8.681025516080389,10.298715114593506,499.5,99,108.0,10,0,0,0.07328883420498705,0.5302491103202847,0.8704557140539604,0.2746710170416666,0.0,0.6175298804780877,0.6653386454183267,0.0876494023904382,45.0,0.5258093054200641,0.7253567642042095
